{
  "project_info": {
    "project_number": "871124909037",
    "project_id": "help-assistance-e635c",
    "storage_bucket": "help-assistance-e635c.firebasestorage.app"
  },
  "client": [
    {
      "client_info": {
        "mobilesdk_app_id": "1:871124909037:android:d1c7b2971556439e5a45e4",
        "android_client_info": {
          "package_name": "com.example.helpassistance"
        }
      },
      "oauth_client": [],
      "api_key": [
        {
          "current_key": "AIzaSyA9bDluryEbaTRiz5KAu-x18Z0MrsXaCTE"
        }
      ],
      "services": {
        "appinvite_service": {
          "other_platform_oauth_client": []
        }
      }
    }
  ],
  "configuration_version": "1"
}